"장애유형별","시도별","성별",2013,2014,2015,2016,2017,2018,2019,2020,2021,2022
"합계","전국","계",2501112,2494460,2490406,2511051,2545637,2585876,2618918,2633026,2644700,2652860
"합계","전국","남자",1453606,1448878,1446943,1457588,1475550,1496298,1513206,1521260,1528280,1534655
"합계","전국","여자",1047506,1045582,1043463,1053463,1070087,1089578,1105712,1111766,1116420,1118205
"합계","서울특별시","계",403435,398908,393245,391027,391753,392920,394843,394190,392123,391859
"합계","서울특별시","남자",234921,232124,228739,227271,227359,227910,228821,228386,227302,227070
"합계","서울특별시","여자",168514,166784,164506,163756,164394,165010,166022,165804,164821,164789
"합계","부산광역시","계",169750,168663,168084,168950,171384,173820,175378,176293,176451,176245
"합계","부산광역시","남자",101204,100314,99963,100326,101725,102889,103538,103880,103824,103732
"합계","부산광역시","여자",68546,68349,68121,68624,69659,70931,71840,72413,72627,72513
"합계","대구광역시","계",116567,115983,115694,117111,119766,123070,125485,126398,127282,127611
"합계","대구광역시","남자",68796,68517,68376,69090,70289,71928,73112,73475,73955,74055
"합계","대구광역시","여자",47771,47466,47318,48021,49477,51142,52373,52923,53327,53556
"합계","인천광역시","계",133778,133855,134191,135623,138304,141771,144574,146321,148646,151035
"합계","인천광역시","남자",81214,81260,81324,81961,83337,84905,86344,87305,88447,89666
"합계","인천광역시","여자",52564,52595,52867,53662,54967,56866,58230,59016,60199,61369
"합계","광주광역시","계",68372,68288,68079,68569,69233,69884,70177,70061,69819,69476
"합계","광주광역시","남자",38290,38263,38244,38538,38943,39368,39573,39638,39549,39473
"합계","광주광역시","여자",30082,30025,29835,30031,30290,30516,30604,30423,30270,30003
"합계","대전광역시","계",71441,71198,70890,71425,72180,72927,73222,72853,72489,71941
"합계","대전광역시","남자",41819,41657,41511,41767,42178,42491,42632,42447,42298,42041
"합계","대전광역시","여자",29622,29541,29379,29658,30002,30436,30590,30406,30191,29900
"합계","울산광역시","계",48950,49014,49326,49533,50205,50640,51014,51122,51330,51473
"합계","울산광역시","남자",29813,29846,30008,30082,30386,30616,30794,30905,31048,31171
"합계","울산광역시","여자",19137,19168,19318,19451,19819,20024,20220,20217,20282,20302
"합계","세종특별자치시","계",7202,7943,9079,9845,10623,11404,12046,12346,12630,12863
"합계","세종특별자치시","남자",4200,4660,5325,5787,6248,6749,7176,7364,7531,7696
"합계","세종특별자치시","여자",3002,3283,3754,4058,4375,4655,4870,4982,5099,5167
"합계","경기도","계",506464,508330,512882,522437,533259,547386,559878,569726,578668,584834
"합계","경기도","남자",302035,303157,306117,311539,317854,325883,332872,338704,344091,347994
"합계","경기도","여자",204429,205173,206765,210898,215405,221503,227006,231022,234577,236840
"합계","강원도","계",99660,98970,98324,98928,99959,100693,101484,101615,101714,101794
"합계","강원도","남자",58292,57780,57441,57623,58021,58338,58715,58829,58810,58918
"합계","강원도","여자",41368,41190,40883,41305,41938,42355,42769,42786,42904,42876
"합계","충청북도","계",93563,93612,93536,94688,95844,97086,97688,97932,97839,97966
"합계","충청북도","남자",53771,53810,53726,54283,55030,55616,55965,56117,56117,56320
"합계","충청북도","여자",39792,39802,39810,40405,40814,41470,41723,41815,41722,41646
"합계","충청남도","계",124561,124721,124801,126406,128503,131910,133724,134250,134749,134957
"합계","충청남도","남자",72058,71998,71984,72848,73976,75727,76495,76783,77050,77329
"합계","충청남도","여자",52503,52723,52817,53558,54527,56183,57229,57467,57699,57628
"합계","전라북도","계",132006,130932,129769,130345,131303,131746,132364,132207,132057,132014
"합계","전라북도","남자",71803,71201,70626,71020,71443,71685,71949,71808,71784,71968
"합계","전라북도","여자",60203,59731,59143,59325,59860,60061,60415,60399,60273,60046
"합계","전라남도","계",144324,143128,141837,141578,142174,142213,141888,140942,139868,138595
"합계","전라남도","남자",77074,76287,75683,75500,75683,75756,75459,75050,74616,74211
"합계","전라남도","여자",67250,66841,66154,66078,66491,66457,66429,65892,65252,64384
"합계","경상북도","계",168836,168650,168089,169643,172533,176550,180898,181366,182538,182835
"합계","경상북도","남자",96117,95877,95478,96293,97542,99253,101237,101449,102009,102354
"합계","경상북도","여자",72719,72773,72611,73350,74991,77297,79661,79917,80529,80481
"합계","경상남도","계",179530,179276,179070,180665,183510,186016,187968,188749,189621,190186
"합계","경상남도","남자",104414,104120,104018,104838,106280,107487,108545,108876,109468,110000
"합계","경상남도","여자",75116,75156,75052,75827,77230,78529,79423,79873,80153,80186
"합계","제주특별자치도","계",32673,32989,33510,34278,35104,35840,36287,36655,36876,37176
"합계","제주특별자치도","남자",17785,18007,18380,18822,19256,19697,19979,20244,20381,20657
"합계","제주특별자치도","여자",14888,14982,15130,15456,15848,16143,16308,16411,16495,16519
"지체","전국","계",1309285,1295608,1281497,1267174,1254130,1238532,1223135,1207368,1191462,1176291
"지체","전국","남자",757723,749259,741089,732667,725384,716788,708246,699726,691136,683183
"지체","전국","여자",551562,546349,540408,534507,528746,521744,514889,507642,500326,493108
"지체","서울특별시","계",204168,199943,194843,189777,185424,180610,176767,172606,167986,164464
"지체","서울특별시","남자",115696,113157,110203,107226,104591,101809,99610,97303,94721,92655
"지체","서울특별시","여자",88472,86786,84640,82551,80833,78801,77157,75303,73265,71809
"지체","부산광역시","계",87995,86620,85284,84013,82660,81254,79860,78515,77016,75567
"지체","부산광역시","남자",52527,51598,50848,50018,49254,48394,47476,46660,45742,44907
"지체","부산광역시","여자",35468,35022,34436,33995,33406,32860,32384,31855,31274,30660
"지체","대구광역시","계",57925,57107,56313,55583,54677,53691,52682,51680,50611,49661
"지체","대구광역시","남자",34633,34217,33769,33313,32803,32274,31693,31084,30463,29925
"지체","대구광역시","여자",23292,22890,22544,22270,21874,21417,20989,20596,20148,19736
"지체","인천광역시","계",72626,72212,71681,71149,70758,70119,69378,68536,67942,67437
"지체","인천광역시","남자",45216,44975,44581,44141,43819,43293,42792,42247,41856,41418
"지체","인천광역시","여자",27410,27237,27100,27008,26939,26826,26586,26289,26086,26019
"지체","광주광역시","계",33408,32939,32471,32074,31607,31130,30531,30011,29460,28944
"지체","광주광역시","남자",18480,18208,17955,17777,17548,17324,17079,16814,16498,16236
"지체","광주광역시","여자",14928,14731,14516,14297,14059,13806,13452,13197,12962,12708
"지체","대전광역시","계",36409,35953,35416,34884,34269,33776,33193,32542,31992,31329
"지체","대전광역시","남자",21466,21208,20929,20638,20336,19988,19682,19327,18989,18651
"지체","대전광역시","여자",14943,14745,14487,14246,13933,13788,13511,13215,13003,12678
"지체","울산광역시","계",25373,25169,25032,24645,24381,24038,23788,23516,23207,22957
"지체","울산광역시","남자",15870,15733,15636,15381,15206,14990,14812,14668,14486,14348
"지체","울산광역시","여자",9503,9436,9396,9264,9175,9048,8976,8848,8721,8609
"지체","세종특별자치시","계",3701,4126,4715,5013,5296,5592,5768,5778,5843,5858
"지체","세종특별자치시","남자",2151,2433,2773,2947,3140,3348,3485,3506,3549,3564
"지체","세종특별자치시","여자",1550,1693,1942,2066,2156,2244,2283,2272,2294,2294
"지체","경기도","계",270229,268930,268668,268816,268832,268731,267797,267043,266179,264274
"지체","경기도","남자",162348,161509,161385,161347,161448,161567,161079,160705,160309,159215
"지체","경기도","여자",107881,107421,107283,107469,107384,107164,106718,106338,105870,105059
"지체","강원도","계",53706,53100,52491,51902,51550,51023,50536,49988,49535,49136
"지체","강원도","남자",31600,31198,30784,30417,30171,29798,29490,29182,28919,28703
"지체","강원도","여자",22106,21902,21707,21485,21379,21225,21046,20806,20616,20433
"지체","충청북도","계",48436,48188,47726,47307,46957,46523,46083,45719,45135,44673
"지체","충청북도","남자",27837,27657,27385,27132,26986,26784,26615,26478,26200,26005
"지체","충청북도","여자",20599,20531,20341,20175,19971,19739,19468,19241,18935,18668
"지체","충청남도","계",66470,66021,65661,65145,64668,63977,63222,62727,62210,61852
"지체","충청남도","남자",38528,38190,37892,37560,37337,36991,36519,36226,35939,35859
"지체","충청남도","여자",27942,27831,27769,27585,27331,26986,26703,26501,26271,25993
"지체","전라북도","계",71618,70649,69463,68350,67516,66299,65113,63940,62913,62014
"지체","전라북도","남자",37610,37047,36450,35896,35439,34864,34292,33725,33211,32901
"지체","전라북도","여자",34008,33602,33013,32454,32077,31435,30821,30215,29702,29113
"지체","전라남도","계",77849,76787,75556,74290,73318,71918,70745,69601,68404,67337
"지체","전라남도","남자",39321,38670,38078,37420,36928,36287,35683,35181,34655,34241
"지체","전라남도","여자",38528,38117,37478,36870,36390,35631,35062,34420,33749,33096
"지체","경상북도","계",86924,86278,85468,84396,83226,82032,81055,79859,78912,77846
"지체","경상북도","남자",49168,48761,48196,47652,47003,46340,45841,45257,44808,44341
"지체","경상북도","여자",37756,37517,37272,36744,36223,35692,35214,34602,34104,33505
"지체","경상남도","계",98037,97124,96080,95119,94245,93145,92074,90912,89911,88834
"지체","경상남도","남자",57437,56806,56179,55679,55222,54612,54031,53351,52870,52326
"지체","경상남도","여자",40600,40318,39901,39440,39023,38533,38043,37561,37041,36508
"지체","제주특별자치도","계",14411,14462,14629,14711,14746,14674,14543,14395,14206,14108
"지체","제주특별자치도","남자",7835,7892,8046,8123,8153,8125,8067,8012,7921,7888
"지체","제주특별자치도","여자",6576,6570,6583,6588,6593,6549,6476,6383,6285,6220
"시각","전국","계",253095,252825,252874,252794,252632,252957,253055,252324,251620,250767
"시각","전국","남자",151009,150843,150883,150752,150364,150315,150261,149737,149321,148909
"시각","전국","여자",102086,101982,101991,102042,102268,102642,102794,102587,102299,101858
"시각","서울특별시","계",43027,42731,42533,42203,41995,41900,41832,41624,41220,40991
"시각","서울특별시","남자",26197,26040,25902,25709,25464,25320,25199,25004,24740,24622
"시각","서울특별시","여자",16830,16691,16631,16494,16531,16580,16633,16620,16480,16369
"시각","부산광역시","계",18354,18264,18244,18241,18197,18134,18057,18023,17874,17740
"시각","부산광역시","남자",11051,10993,10974,10969,10959,10863,10748,10666,10545,10485
"시각","부산광역시","여자",7303,7271,7270,7272,7238,7271,7309,7357,7329,7255
"시각","대구광역시","계",12228,12239,12198,12153,12096,12067,12035,11961,11874,11788
"시각","대구광역시","남자",7331,7321,7262,7235,7195,7155,7163,7097,7044,6980
"시각","대구광역시","여자",4897,4918,4936,4918,4901,4912,4872,4864,4830,4808
"시각","인천광역시","계",13606,13626,13700,13768,13786,13756,13754,13727,13751,13800
"시각","인천광역시","남자",8250,8251,8341,8385,8357,8317,8286,8262,8254,8286
"시각","인천광역시","여자",5356,5375,5359,5383,5429,5439,5468,5465,5497,5514
"시각","광주광역시","계",7361,7312,7276,7266,7290,7356,7338,7290,7204,7146
"시각","광주광역시","남자",4364,4334,4321,4303,4300,4347,4311,4276,4228,4207
"시각","광주광역시","여자",2997,2978,2955,2963,2990,3009,3027,3014,2976,2939
"시각","대전광역시","계",7203,7199,7216,7203,7133,7080,7035,6996,6942,6905
"시각","대전광역시","남자",4301,4304,4323,4318,4271,4236,4195,4175,4149,4104
"시각","대전광역시","여자",2902,2895,2893,2885,2862,2844,2840,2821,2793,2801
"시각","울산광역시","계",4902,4949,5001,4971,4937,4918,4903,4861,4834,4790
"시각","울산광역시","남자",2891,2917,2948,2924,2893,2892,2886,2869,2875,2834
"시각","울산광역시","여자",2011,2032,2053,2047,2044,2026,2017,1992,1959,1956
"시각","세종특별자치시","계",711,805,917,985,1053,1124,1182,1195,1217,1240
"시각","세종특별자치시","남자",417,472,547,583,627,686,735,746,766,775
"시각","세종특별자치시","여자",294,333,370,402,426,438,447,449,451,465
"시각","경기도","계",50087,50397,50868,51482,52038,52988,53728,54212,54660,54916
"시각","경기도","남자",30893,31096,31384,31692,31952,32491,32943,33222,33467,33597
"시각","경기도","여자",19194,19301,19484,19790,20086,20497,20785,20990,21193,21319
"시각","강원도","계",9497,9433,9408,9450,9459,9415,9428,9434,9419,9396
"시각","강원도","남자",5491,5435,5419,5416,5401,5376,5386,5389,5410,5401
"시각","강원도","여자",4006,3998,3989,4034,4058,4039,4042,4045,4009,3995
"시각","충청북도","계",8934,8952,8979,8983,8965,8993,8936,8863,8803,8793
"시각","충청북도","남자",5256,5282,5318,5339,5342,5329,5303,5235,5215,5221
"시각","충청북도","여자",3678,3670,3661,3644,3623,3664,3633,3628,3588,3572
"시각","충청남도","계",12116,12128,12097,12058,12076,12052,12084,12081,12163,12146
"시각","충청남도","남자",7191,7209,7198,7179,7200,7150,7141,7182,7232,7252
"시각","충청남도","여자",4925,4919,4899,4879,4876,4902,4943,4899,4931,4894
"시각","전라북도","계",12061,11976,11868,11772,11693,11583,11422,11256,11188,11058
"시각","전라북도","남자",7014,6945,6881,6826,6765,6697,6606,6531,6515,6450
"시각","전라북도","여자",5047,5031,4987,4946,4928,4886,4816,4725,4673,4608
"시각","전라남도","계",14794,14608,14500,14338,14198,14078,13968,13846,13621,13412
"시각","전라남도","남자",8270,8154,8075,7977,7913,7841,7777,7715,7578,7481
"시각","전라남도","여자",6524,6454,6425,6361,6285,6237,6191,6131,6043,5931
"시각","경상북도","계",17053,16963,16785,16600,16396,16234,16133,15828,15771,15612
"시각","경상북도","남자",9689,9640,9514,9426,9269,9178,9133,8949,8916,8829
"시각","경상북도","여자",7364,7323,7271,7174,7127,7056,7000,6879,6855,6783
"시각","경상남도","계",16930,16984,17051,17051,17067,17054,17027,16985,16961,16937
"시각","경상남도","남자",10125,10158,10184,10122,10120,10096,10096,10082,10065,10058
"시각","경상남도","여자",6805,6826,6867,6929,6947,6958,6931,6903,6896,6879
"시각","제주특별자치도","계",4231,4259,4233,4270,4253,4225,4193,4142,4118,4097
"시각","제주특별자치도","남자",2278,2292,2292,2349,2336,2341,2353,2337,2322,2327
"시각","제주특별자치도","여자",1953,1967,1941,1921,1917,1884,1840,1805,1796,1770
"청각","전국","계",255399,252779,250334,271843,302003,342582,377094,395789,411749,425224
"청각","전국","남자",140022,138356,136850,147749,162319,182240,199074,208604,216505,223500
"청각","전국","여자",115377,114423,113484,124094,139684,160342,178020,187185,195244,201724
"청각","서울특별시","계",41375,40518,39598,41887,45244,50306,54940,57430,59714,61995
"청각","서울특별시","남자",23243,22760,22174,23273,25034,27769,30291,31621,32918,34150
"청각","서울특별시","여자",18132,17758,17424,18614,20210,22537,24649,25809,26796,27845
"청각","부산광역시","계",14207,13991,13847,15077,17632,20492,22744,24195,25371,26328
"청각","부산광역시","남자",8007,7905,7810,8455,9800,11310,12523,13284,13859,14369
"청각","부산광역시","여자",6200,6086,6037,6622,7832,9182,10221,10911,11512,11959
"청각","대구광역시","계",11536,11409,11317,12829,15724,19390,22369,24007,25697,26911
"청각","대구광역시","남자",6106,6062,6033,6803,8143,9859,11362,12187,13034,13583
"청각","대구광역시","여자",5430,5347,5284,6026,7581,9531,11007,11820,12663,13328
"청각","인천광역시","계",13291,13133,12999,13995,15833,18957,21436,23237,25128,26898
"청각","인천광역시","남자",7372,7294,7166,7693,8636,10231,11545,12518,13450,14397
"청각","인천광역시","여자",5919,5839,5833,6302,7197,8726,9891,10719,11678,12501
"청각","광주광역시","계",8234,8245,8088,8537,9095,9704,10136,10183,10220,10177
"청각","광주광역시","남자",4385,4409,4326,4526,4824,5139,5320,5385,5416,5396
"청각","광주광역시","여자",3849,3836,3762,4011,4271,4565,4816,4798,4804,4781
"청각","대전광역시","계",7396,7282,7159,7879,8733,9507,10077,10196,10142,10093
"청각","대전광역시","남자",4088,4027,3946,4305,4729,5082,5333,5360,5337,5332
"청각","대전광역시","여자",3308,3255,3213,3574,4004,4425,4744,4836,4805,4761
"청각","울산광역시","계",6145,6079,6072,6353,6857,7314,7611,7695,7914,8022
"청각","울산광역시","남자",3682,3649,3644,3788,4019,4232,4404,4435,4558,4622
"청각","울산광역시","여자",2463,2430,2428,2565,2838,3082,3207,3260,3356,3400
"청각","세종특별자치시","계",762,843,950,1111,1300,1475,1630,1731,1780,1827
"청각","세종특별자치시","남자",410,448,494,587,677,764,841,889,895,928
"청각","세종특별자치시","여자",352,395,456,524,623,711,789,842,885,899
"청각","경기도","계",47438,47197,47169,51459,56322,64102,72388,78042,82737,86690
"청각","경기도","남자",26520,26352,26354,28665,31183,35166,39275,42286,44838,46984
"청각","경기도","여자",20918,20845,20815,22794,25139,28936,33113,35756,37899,39706
"청각","강원도","계",11026,10830,10700,11447,12451,13481,14298,14675,14936,15119
"청각","강원도","남자",6089,5917,5902,6280,6759,7291,7709,7893,7930,8039
"청각","강원도","여자",4937,4913,4798,5167,5692,6190,6589,6782,7006,7080
"청각","충청북도","계",9935,9867,9738,10818,11759,12951,13538,13879,14075,14333
"청각","충청북도","남자",5394,5326,5227,5766,6206,6779,7041,7187,7232,7337
"청각","충청북도","여자",4541,4541,4511,5052,5553,6172,6497,6692,6843,6996
"청각","충청남도","계",13532,13534,13537,15059,16842,20217,22045,22565,22938,23128
"청각","충청남도","남자",7352,7339,7350,8133,8986,10641,11448,11700,11849,11915
"청각","충청남도","여자",6180,6195,6187,6926,7856,9576,10597,10865,11089,11213
"청각","전라북도","계",13654,13354,13100,14426,15677,17200,18813,19721,20330,21065
"청각","전라북도","남자",7349,7208,7047,7747,8298,9013,9684,10065,10330,10705
"청각","전라북도","여자",6305,6146,6053,6679,7379,8187,9129,9656,10000,10360
"청각","전라남도","계",16881,16652,16405,17225,18475,19669,20247,20380,20359,20280
"청각","전라남도","남자",9047,8863,8716,9086,9572,10114,10285,10318,10270,10240
"청각","전라남도","여자",7834,7789,7689,8139,8903,9555,9962,10062,10089,10040
"청각","경상북도","계",18685,18679,18600,20767,24319,28987,33558,35249,36679,37681
"청각","경상북도","남자",9882,9816,9760,10810,12386,14400,16408,17205,17793,18242
"청각","경상북도","여자",8803,8863,8840,9957,11933,14587,17150,18044,18886,19439
"청각","경상남도","계",16982,16845,16691,18236,20481,22970,25032,26114,27012,27820
"청각","경상남도","남자",9061,8944,8837,9601,10626,11725,12723,13254,13687,14080
"청각","경상남도","여자",7921,7901,7854,8635,9855,11245,12309,12860,13325,13740
"청각","제주특별자치도","계",4320,4321,4364,4738,5259,5860,6232,6490,6717,6857
"청각","제주특별자치도","남자",2035,2037,2064,2231,2441,2725,2882,3017,3109,3181
"청각","제주특별자치도","여자",2285,2284,2300,2507,2818,3135,3350,3473,3608,3676
"언어","전국","계",17830,18275,18813,19409,20321,20744,21485,22391,23064,23349
"언어","전국","남자",12840,13095,13483,13900,14590,14909,15363,15949,16374,16581
"언어","전국","여자",4990,5180,5330,5509,5731,5835,6122,6442,6690,6768
"언어","서울특별시","계",2856,2928,3014,3097,3252,3233,3327,3414,3416,3421
"언어","서울특별시","남자",2086,2115,2177,2228,2349,2346,2399,2442,2434,2435
"언어","서울특별시","여자",770,813,837,869,903,887,928,972,982,986
"언어","부산광역시","계",1111,1158,1213,1278,1365,1422,1468,1542,1575,1608
"언어","부산광역시","남자",817,845,878,931,989,1033,1053,1097,1112,1131
"언어","부산광역시","여자",294,313,335,347,376,389,415,445,463,477
"언어","대구광역시","계",984,999,1002,1011,1023,1046,1057,1107,1148,1167
"언어","대구광역시","남자",748,762,758,756,758,766,765,792,826,841
"언어","대구광역시","여자",236,237,244,255,265,280,292,315,322,326
"언어","인천광역시","계",1031,1088,1164,1193,1272,1319,1414,1488,1543,1561
"언어","인천광역시","남자",778,812,862,889,956,981,1036,1082,1113,1126
"언어","인천광역시","여자",253,276,302,304,316,338,378,406,430,435
"언어","광주광역시","계",489,505,518,535,555,564,565,566,571,606
"언어","광주광역시","남자",347,354,370,385,398,410,418,411,408,426
"언어","광주광역시","여자",142,151,148,150,157,154,147,155,163,180
"언어","대전광역시","계",478,486,513,543,555,571,568,592,603,609
"언어","대전광역시","남자",341,345,371,389,398,409,395,411,421,423
"언어","대전광역시","여자",137,141,142,154,157,162,173,181,182,186
"언어","울산광역시","계",302,305,329,336,359,393,416,429,453,463
"언어","울산광역시","남자",203,212,228,231,243,267,283,296,310,325
"언어","울산광역시","여자",99,93,101,105,116,126,133,133,143,138
"언어","세종특별자치시","계",50,58,67,68,77,84,93,107,113,123
"언어","세종특별자치시","남자",38,45,55,54,62,66,74,85,92,103
"언어","세종특별자치시","여자",12,13,12,14,15,18,19,22,21,20
"언어","경기도","계",3533,3642,3772,3995,4299,4517,4808,5168,5430,5462
"언어","경기도","남자",2561,2626,2729,2913,3154,3298,3502,3761,3931,3962
"언어","경기도","여자",972,1016,1043,1082,1145,1219,1306,1407,1499,1500
"언어","강원도","계",706,702,715,725,746,737,748,770,789,795
"언어","강원도","남자",501,496,509,511,533,525,539,552,561,562
"언어","강원도","여자",205,206,206,214,213,212,209,218,228,233
"언어","충청북도","계",620,624,629,650,677,662,689,688,714,716
"언어","충청북도","남자",437,442,444,453,471,470,483,483,507,505
"언어","충청북도","여자",183,182,185,197,206,192,206,205,207,211
"언어","충청남도","계",897,933,952,975,1014,1011,1005,1040,1085,1120
"언어","충청남도","남자",615,643,663,675,706,712,714,736,758,779
"언어","충청남도","여자",282,290,289,300,308,299,291,304,327,341
"언어","전라북도","계",1076,1083,1134,1146,1181,1190,1220,1248,1282,1287
"언어","전라북도","남자",762,757,789,798,838,845,865,879,901,896
"언어","전라북도","여자",314,326,345,348,343,345,355,369,381,391
"언어","전라남도","계",995,1025,1027,1027,1019,1004,1011,1025,1053,1062
"언어","전라남도","남자",683,697,696,689,677,658,667,680,698,710
"언어","전라남도","여자",312,328,331,338,342,346,344,345,355,352
"언어","경상북도","계",1167,1169,1160,1159,1183,1202,1260,1294,1308,1351
"언어","경상북도","남자",843,836,821,820,832,844,865,889,884,927
"언어","경상북도","여자",324,333,339,339,351,358,395,405,424,424
"언어","경상남도","계",1229,1240,1272,1315,1361,1395,1439,1510,1575,1577
"언어","경상남도","남자",866,877,901,930,958,995,1021,1066,1126,1129
"언어","경상남도","여자",363,363,371,385,403,400,418,444,449,448
"언어","제주특별자치도","계",306,330,332,356,383,394,397,403,406,421
"언어","제주특별자치도","남자",214,231,232,248,268,284,284,287,292,301
"언어","제주특별자치도","여자",92,99,100,108,115,110,113,116,114,120
"지적","전국","계",178866,184355,189752,195283,200903,206917,212936,217108,221557,225708
"지적","전국","남자",107993,111183,114419,117725,121167,124746,128332,130767,133375,135959
"지적","전국","여자",70873,73172,75333,77558,79736,82171,84604,86341,88182,89749
"지적","서울특별시","계",23739,24342,24686,25215,25654,26231,26778,27084,27330,27634
"지적","서울특별시","남자",14620,14985,15172,15480,15762,16119,16420,16596,16724,16855
"지적","서울특별시","여자",9119,9357,9514,9735,9892,10112,10358,10488,10606,10779
"지적","부산광역시","계",9876,10174,10511,10812,11155,11528,11853,12118,12384,12644
"지적","부산광역시","남자",6043,6212,6436,6632,6833,7032,7209,7361,7507,7645
"지적","부산광역시","여자",3833,3962,4075,4180,4322,4496,4644,4757,4877,4999
"지적","대구광역시","계",8456,8704,8982,9246,9497,9829,10127,10292,10504,10680
"지적","대구광역시","남자",5118,5250,5412,5585,5734,5951,6119,6219,6352,6469
"지적","대구광역시","여자",3338,3454,3570,3661,3763,3878,4008,4073,4152,4211
"지적","인천광역시","계",8599,8898,9182,9487,9786,10104,10521,10823,11065,11414
"지적","인천광역시","남자",5298,5467,5605,5781,5958,6122,6385,6565,6698,6932
"지적","인천광역시","여자",3301,3431,3577,3706,3828,3982,4136,4258,4367,4482
"지적","광주광역시","계",5482,5700,5940,6194,6418,6703,6931,7100,7302,7461
"지적","광주광역시","남자",3183,3311,3442,3594,3722,3897,4039,4139,4264,4378
"지적","광주광역시","여자",2299,2389,2498,2600,2696,2806,2892,2961,3038,3083
"지적","대전광역시","계",5204,5442,5625,5841,6073,6305,6531,6650,6845,7009
"지적","대전광역시","남자",3108,3229,3326,3441,3557,3704,3846,3937,4071,4137
"지적","대전광역시","여자",2096,2213,2299,2400,2516,2601,2685,2713,2774,2872
"지적","울산광역시","계",3484,3628,3807,3911,4048,4150,4297,4430,4542,4667
"지적","울산광역시","남자",2112,2192,2298,2357,2444,2504,2602,2687,2736,2807
"지적","울산광역시","여자",1372,1436,1509,1554,1604,1646,1695,1743,1806,1860
"지적","세종특별자치시","계",659,708,805,861,921,985,1062,1116,1148,1181
"지적","세종특별자치시","남자",420,447,512,546,588,617,668,696,731,748
"지적","세종특별자치시","여자",239,261,293,315,333,368,394,420,417,433
"지적","경기도","계",35331,36708,38203,39742,41289,42933,44542,45883,47295,48448
"지적","경기도","남자",21636,22481,23398,24367,25342,26345,27365,28150,28950,29702
"지적","경기도","여자",13695,14227,14805,15375,15947,16588,17177,17733,18345,18746
"지적","강원도","계",7382,7535,7698,7896,8062,8213,8397,8435,8550,8622
"지적","강원도","남자",4342,4436,4523,4623,4697,4797,4887,4909,4981,5036
"지적","강원도","여자",3040,3099,3175,3273,3365,3416,3510,3526,3569,3586
"지적","충청북도","계",8973,9209,9427,9653,9886,10205,10494,10656,10863,10996
"지적","충청북도","남자",5285,5422,5540,5672,5849,6049,6186,6272,6376,6466
"지적","충청북도","여자",3688,3787,3887,3981,4037,4156,4308,4384,4487,4530
"지적","충청남도","계",10174,10436,10739,11027,11349,11661,11988,12247,12488,12662
"지적","충청남도","남자",6065,6173,6374,6541,6735,6900,7082,7239,7375,7513
"지적","충청남도","여자",4109,4263,4365,4486,4614,4761,4906,5008,5113,5149
"지적","전라북도","계",10920,11220,11468,11702,11974,12140,12344,12482,12642,12823
"지적","전라북도","남자",6351,6529,6700,6843,6990,7088,7206,7281,7392,7498
"지적","전라북도","여자",4569,4691,4768,4859,4984,5052,5138,5201,5250,5325
"지적","전라남도","계",10613,10836,11095,11339,11579,11847,12076,12232,12350,12467
"지적","전라남도","남자",6414,6537,6706,6848,6982,7130,7264,7363,7432,7510
"지적","전라남도","여자",4199,4299,4389,4491,4597,4717,4812,4869,4918,4957
"지적","경상북도","계",14104,14476,14797,15106,15449,15827,16242,16423,16651,16943
"지적","경상북도","남자",8624,8857,9040,9212,9432,9631,9884,9993,10143,10323
"지적","경상북도","여자",5480,5619,5757,5894,6017,6196,6358,6430,6508,6620
"지적","경상남도","계",13077,13463,13829,14202,14628,15037,15442,15744,16090,16409
"지적","경상남도","남자",7805,8026,8263,8475,8760,9025,9279,9423,9636,9838
"지적","경상남도","여자",5272,5437,5566,5727,5868,6012,6163,6321,6454,6571
"지적","제주특별자치도","계",2793,2876,2958,3049,3135,3219,3311,3393,3508,3648
"지적","제주특별자치도","남자",1569,1629,1672,1728,1782,1835,1891,1937,2007,2102
"지적","제주특별자치도","여자",1224,1247,1286,1321,1353,1384,1420,1456,1501,1546
"뇌병변","전국","계",253493,251543,250862,250456,252819,253083,252188,250407,248308,245477
"뇌병변","전국","남자",145303,143931,143637,143359,144706,145005,144617,143703,142600,141222
"뇌병변","전국","여자",108190,107612,107225,107097,108113,108078,107571,106704,105708,104255
"뇌병변","서울특별시","계",44236,43594,42826,42212,42287,41801,41304,40905,40299,39859
"뇌병변","서울특별시","남자",26345,25853,25438,25096,25068,24816,24531,24244,23842,23498
"뇌병변","서울특별시","여자",17891,17741,17388,17116,17219,16985,16773,16661,16457,16361
"뇌병변","부산광역시","계",19967,19787,19812,19829,20060,20108,19914,19731,19490,19110
"뇌병변","부산광역시","남자",11945,11708,11667,11688,11798,11805,11669,11578,11459,11238
"뇌병변","부산광역시","여자",8022,8079,8145,8141,8262,8303,8245,8153,8031,7872
"뇌병변","대구광역시","계",13267,13092,13058,13042,13094,12999,12915,12749,12572,12272
"뇌병변","대구광역시","남자",7736,7648,7646,7649,7654,7637,7574,7469,7393,7226
"뇌병변","대구광역시","여자",5531,5444,5412,5393,5440,5362,5341,5280,5179,5046
"뇌병변","인천광역시","계",12667,12661,12794,12824,13068,13224,13245,13190,13252,13302
"뇌병변","인천광역시","남자",7356,7351,7401,7373,7555,7667,7662,7640,7672,7685
"뇌병변","인천광역시","여자",5311,5310,5393,5451,5513,5557,5583,5550,5580,5617
"뇌병변","광주광역시","계",6915,6847,6871,6835,6875,6846,6932,6903,6799,6682
"뇌병변","광주광역시","남자",3797,3757,3824,3803,3832,3820,3900,3915,3877,3834
"뇌병변","광주광역시","여자",3118,3090,3047,3032,3043,3026,3032,2988,2922,2848
"뇌병변","대전광역시","계",7664,7596,7561,7450,7523,7532,7438,7284,7193,7033
"뇌병변","대전광역시","남자",4279,4224,4206,4121,4165,4180,4139,4064,4041,3972
"뇌병변","대전광역시","여자",3385,3372,3355,3329,3358,3352,3299,3220,3152,3061
"뇌병변","울산광역시","계",4745,4686,4728,4793,4881,4908,4874,4829,4829,4836
"뇌병변","울산광역시","남자",2721,2679,2690,2724,2778,2797,2754,2737,2740,2758
"뇌병변","울산광역시","여자",2024,2007,2038,2069,2103,2111,2120,2092,2089,2078
"뇌병변","세종특별자치시","계",635,657,750,848,935,994,1067,1087,1129,1117
"뇌병변","세종특별자치시","남자",370,390,434,497,533,565,608,617,621,627
"뇌병변","세종특별자치시","여자",265,267,316,351,402,429,459,470,508,490
"뇌병변","경기도","계",52020,51925,52333,52693,53728,54606,54821,55060,55106,55056
"뇌병변","경기도","남자",29939,29878,30136,30395,30970,31458,31657,31871,31916,31911
"뇌병변","경기도","여자",22081,22047,22197,22298,22758,23148,23164,23189,23190,23145
"뇌병변","강원도","계",9497,9460,9326,9335,9316,9277,9255,9155,9040,8953
"뇌병변","강원도","남자",5510,5510,5471,5447,5439,5427,5400,5387,5310,5265
"뇌병변","강원도","여자",3987,3950,3855,3888,3877,3850,3855,3768,3730,3688
"뇌병변","충청북도","계",8713,8621,8651,8667,8789,8738,8697,8651,8485,8381
"뇌병변","충청북도","남자",4855,4835,4840,4841,4950,4900,4898,4901,4819,4773
"뇌병변","충청북도","여자",3858,3786,3811,3826,3839,3838,3799,3750,3666,3608
"뇌병변","충청남도","계",10836,10897,10828,10846,10965,10993,11035,10916,10861,10643
"뇌병변","충청남도","남자",6070,6083,6052,6074,6142,6174,6217,6132,6126,5993
"뇌병변","충청남도","여자",4766,4814,4776,4772,4823,4819,4818,4784,4735,4650
"뇌병변","전라북도","계",12547,12357,12274,12258,12274,12118,12015,11814,11617,11338
"뇌병변","전라북도","남자",6767,6687,6619,6615,6626,6548,6525,6382,6277,6151
"뇌병변","전라북도","여자",5780,5670,5655,5643,5648,5570,5490,5432,5340,5187
"뇌병변","전라남도","계",11937,11854,11764,11697,11682,11586,11506,11329,11162,10820
"뇌병변","전라남도","남자",6476,6427,6385,6336,6329,6300,6231,6120,6037,5872
"뇌병변","전라남도","여자",5461,5427,5379,5361,5353,5286,5275,5209,5125,4948
"뇌병변","경상북도","계",16867,16673,16412,16224,16100,15989,15961,15659,15592,15338
"뇌병변","경상북도","남자",9505,9365,9256,9151,9109,9079,9085,8879,8829,8754
"뇌병변","경상북도","여자",7362,7308,7156,7073,6991,6910,6876,6780,6763,6584
"뇌병변","경상남도","계",17621,17485,17433,17433,17714,17824,17684,17578,17379,17247
"뇌병변","경상남도","남자",9799,9713,9697,9674,9832,9887,9815,9783,9689,9697
"뇌병변","경상남도","여자",7822,7772,7736,7759,7882,7937,7869,7795,7690,7550
"뇌병변","제주특별자치도","계",3359,3351,3441,3470,3528,3540,3525,3567,3503,3490
"뇌병변","제주특별자치도","남자",1833,1823,1875,1875,1926,1945,1952,1984,1952,1968
"뇌병변","제주특별자치도","여자",1526,1528,1566,1595,1602,1595,1573,1583,1551,1522
"자폐성","전국","계",18133,19524,21103,22853,24698,26703,28678,30802,33650,37603
"자폐성","전국","남자",15438,16629,17964,19419,20972,22629,24234,25946,28218,31324
"자폐성","전국","여자",2695,2895,3139,3434,3726,4074,4444,4856,5432,6279
"자폐성","서울특별시","계",4164,4466,4761,5043,5401,5798,6100,6415,6855,7491
"자폐성","서울특별시","남자",3568,3830,4083,4316,4624,4931,5174,5431,5788,6306
"자폐성","서울특별시","여자",596,636,678,727,777,867,926,984,1067,1185
"자폐성","부산광역시","계",1251,1329,1417,1515,1632,1771,1926,2075,2254,2522
"자폐성","부산광역시","남자",1059,1128,1198,1271,1374,1483,1615,1722,1859,2056
"자폐성","부산광역시","여자",192,201,219,244,258,288,311,353,395,466
"자폐성","대구광역시","계",878,928,971,1040,1101,1156,1188,1248,1366,1548
"자폐성","대구광역시","남자",749,792,824,880,923,973,999,1049,1147,1286
"자폐성","대구광역시","여자",129,136,147,160,178,183,189,199,219,262
"자폐성","인천광역시","계",998,1050,1121,1230,1331,1415,1513,1656,1806,2031
"자폐성","인천광역시","남자",841,888,948,1045,1120,1188,1264,1398,1502,1678
"자폐성","인천광역시","여자",157,162,173,185,211,227,249,258,304,353
"자폐성","광주광역시","계",571,620,658,697,748,773,816,896,980,1072
"자폐성","광주광역시","남자",473,507,535,572,612,635,665,736,806,870
"자폐성","광주광역시","여자",98,113,123,125,136,138,151,160,174,202
"자폐성","대전광역시","계",731,777,820,876,933,984,1028,1082,1130,1188
"자폐성","대전광역시","남자",621,658,694,743,789,830,863,904,950,995
"자폐성","대전광역시","여자",110,119,126,133,144,154,165,178,180,193
"자폐성","울산광역시","계",396,425,459,491,524,563,624,670,729,807
"자폐성","울산광역시","남자",329,352,385,418,441,474,525,560,610,668
"자폐성","울산광역시","여자",67,73,74,73,83,89,99,110,119,139
"자폐성","세종특별자치시","계",35,44,67,88,112,144,170,208,230,265
"자폐성","세종특별자치시","남자",29,36,56,75,93,121,141,172,192,217
"자폐성","세종특별자치시","여자",6,8,11,13,19,23,29,36,38,48
"자폐성","경기도","계",4450,4868,5360,5920,6403,7037,7624,8287,9155,10284
"자폐성","경기도","남자",3836,4200,4614,5084,5518,6044,6526,7069,7769,8637
"자폐성","경기도","여자",614,668,746,836,885,993,1098,1218,1386,1647
"자폐성","강원도","계",479,505,545,595,629,664,735,776,847,961
"자폐성","강원도","남자",394,417,456,490,517,545,606,644,706,802
"자폐성","강원도","여자",85,88,89,105,112,119,129,132,141,159
"자폐성","충청북도","계",512,537,578,608,657,694,745,781,856,995
"자폐성","충청북도","남자",442,462,496,518,562,594,634,663,722,831
"자폐성","충청북도","여자",70,75,82,90,95,100,111,118,134,164
"자폐성","충청남도","계",504,568,631,713,811,898,981,1054,1183,1359
"자폐성","충청남도","남자",424,475,526,596,679,756,825,887,991,1124
"자폐성","충청남도","여자",80,93,105,117,132,142,156,167,192,235
"자폐성","전라북도","계",542,573,607,637,692,721,785,841,933,1060
"자폐성","전라북도","남자",451,478,505,526,574,599,650,693,768,867
"자폐성","전라북도","여자",91,95,102,111,118,122,135,148,165,193
"자폐성","전라남도","계",486,498,536,586,649,729,792,832,920,1043
"자폐성","전라남도","남자",408,419,459,505,561,630,681,704,767,872
"자폐성","전라남도","여자",78,79,77,81,88,99,111,128,153,171
"자폐성","경상북도","계",709,793,874,956,1029,1126,1188,1284,1423,1602
"자폐성","경상북도","남자",603,681,747,814,875,957,1003,1083,1187,1332
"자폐성","경상북도","여자",106,112,127,142,154,169,185,201,236,270
"자폐성","경상남도","계",1108,1185,1300,1423,1576,1709,1903,2080,2297,2598
"자폐성","경상남도","남자",923,988,1088,1183,1299,1417,1580,1709,1876,2128
"자폐성","경상남도","여자",185,197,212,240,277,292,323,371,421,470
"자폐성","제주특별자치도","계",319,358,398,435,470,521,560,617,686,777
"자폐성","제주특별자치도","남자",288,318,350,383,411,452,483,522,578,655
"자폐성","제주특별자치도","여자",31,40,48,52,59,69,77,95,108,122
"정신","전국","계",95675,96963,98643,100069,101175,102140,102980,103525,104214,104424
"정신","전국","남자",50183,50594,51309,51838,52144,52421,52658,52738,52958,52921
"정신","전국","여자",45492,46369,47334,48231,49031,49719,50322,50787,51256,51503
"정신","서울특별시","계",15537,15728,15943,16139,16326,16365,16435,16525,16600,16546
"정신","서울특별시","남자",8247,8297,8338,8397,8453,8452,8443,8438,8470,8414
"정신","서울특별시","여자",7290,7431,7605,7742,7873,7913,7992,8087,8130,8132
"정신","부산광역시","계",7739,7832,7923,7990,8078,8136,8201,8249,8242,8225
"정신","부산광역시","남자",4124,4147,4166,4166,4215,4237,4251,4251,4243,4234
"정신","부산광역시","여자",3615,3685,3757,3824,3863,3899,3950,3998,3999,3991
"정신","대구광역시","계",5787,5865,5921,6025,6062,6080,6065,6023,5995,5924
"정신","대구광역시","남자",3021,3058,3087,3124,3124,3145,3121,3101,3084,3047
"정신","대구광역시","여자",2766,2807,2834,2901,2938,2935,2944,2922,2911,2877
"정신","인천광역시","계",4316,4357,4484,4570,4679,4707,4813,4832,4865,4921
"정신","인천광역시","남자",2161,2167,2207,2221,2269,2255,2297,2304,2323,2343
"정신","인천광역시","여자",2155,2190,2277,2349,2410,2452,2516,2528,2542,2578
"정신","광주광역시","계",2765,2852,2921,2952,3006,3053,3091,3120,3170,3183
"정신","광주광역시","남자",1340,1374,1418,1428,1454,1480,1492,1515,1530,1530
"정신","광주광역시","여자",1425,1478,1503,1524,1552,1573,1599,1605,1640,1653
"정신","대전광역시","계",2849,2884,2931,3003,3052,3139,3179,3210,3221,3232
"정신","대전광역시","남자",1463,1465,1481,1510,1539,1569,1596,1600,1602,1602
"정신","대전광역시","여자",1386,1419,1450,1493,1513,1570,1583,1610,1619,1630
"정신","울산광역시","계",1276,1323,1345,1367,1386,1405,1417,1452,1472,1471
"정신","울산광역시","남자",640,658,665,675,686,691,692,708,715,715
"정신","울산광역시","여자",636,665,680,692,700,714,725,744,757,756
"정신","세종특별자치시","계",367,368,405,408,417,425,440,455,454,473
"정신","세종특별자치시","남자",191,190,210,213,220,224,230,240,240,252
"정신","세종특별자치시","여자",176,178,195,195,197,201,210,215,214,221
"정신","경기도","계",16896,17258,17788,18215,18496,19016,19303,19563,19886,20146
"정신","경기도","남자",8296,8453,8747,8938,9028,9254,9397,9477,9591,9731
"정신","경기도","여자",8600,8805,9041,9277,9468,9762,9906,10086,10295,10415
"정신","강원도","계",3070,3047,3073,3076,3109,3108,3157,3180,3232,3248
"정신","강원도","남자",1660,1625,1636,1629,1625,1611,1637,1644,1670,1674
"정신","강원도","여자",1410,1422,1437,1447,1484,1497,1520,1536,1562,1574
"정신","충청북도","계",3566,3660,3719,3699,3698,3706,3740,3743,3753,3726
"정신","충청북도","남자",1886,1944,1972,1957,1945,1928,1919,1919,1934,1927
"정신","충청북도","여자",1680,1716,1747,1742,1753,1778,1821,1824,1819,1799
"정신","충청남도","계",5029,5091,5150,5214,5245,5325,5363,5362,5368,5365
"정신","충청남도","남자",2674,2704,2698,2737,2746,2777,2798,2794,2789,2761
"정신","충청남도","여자",2355,2387,2452,2477,2499,2548,2565,2568,2579,2604
"정신","전라북도","계",5358,5355,5395,5454,5491,5471,5458,5477,5477,5469
"정신","전라북도","남자",2838,2815,2829,2862,2868,2847,2831,2829,2828,2807
"정신","전라북도","여자",2520,2540,2566,2592,2623,2624,2627,2648,2649,2662
"정신","전라남도","계",5731,5749,5749,5725,5723,5728,5726,5705,5698,5696
"정신","전라남도","남자",3227,3228,3227,3211,3176,3161,3157,3133,3115,3117
"정신","전라남도","여자",2504,2521,2522,2514,2547,2567,2569,2572,2583,2579
"정신","경상북도","계",6916,6991,7136,7291,7367,7370,7389,7400,7472,7459
"정신","경상북도","남자",3807,3814,3893,3958,3982,3959,3952,3949,3972,3939
"정신","경상북도","여자",3109,3177,3243,3333,3385,3411,3437,3451,3500,3520
"정신","경상남도","계",7314,7416,7527,7686,7775,7825,7911,7934,8000,8033
"정신","경상남도","남자",3981,4012,4080,4155,4161,4170,4186,4187,4191,4176
"정신","경상남도","여자",3333,3404,3447,3531,3614,3655,3725,3747,3809,3857
"정신","제주특별자치도","계",1159,1187,1233,1255,1265,1281,1292,1295,1309,1307
"정신","제주특별자치도","남자",627,643,655,657,653,661,659,649,661,652
"정신","제주특별자치도","여자",532,544,578,598,612,620,633,646,648,655
"신장","전국","계",66551,70434,74468,78750,83562,87892,92408,97530,102135,105842
"신장","전국","남자",38199,40650,43132,45769,48768,51520,54343,57584,60527,62955
"신장","전국","여자",28352,29784,31336,32981,34794,36372,38065,39946,41608,42887
"신장","서울특별시","계",13841,14340,14851,15424,16131,16625,17166,17895,18301,18883
"신장","서울특별시","남자",7984,8308,8606,8974,9408,9761,10075,10583,10871,11250
"신장","서울특별시","여자",5857,6032,6245,6450,6723,6864,7091,7312,7430,7633
"신장","부산광역시","계",5326,5625,5946,6269,6613,6936,7264,7677,8011,8224
"신장","부산광역시","남자",3011,3193,3408,3581,3830,4013,4251,4509,4710,4851
"신장","부산광역시","여자",2315,2432,2538,2688,2783,2923,3013,3168,3301,3373
"신장","대구광역시","계",3316,3474,3756,3939,4155,4406,4625,4899,5052,5175
"신장","대구광역시","남자",1916,1994,2169,2296,2437,2608,2735,2899,3012,3082
"신장","대구광역시","여자",1400,1480,1587,1643,1718,1798,1890,2000,2040,2093
"신장","인천광역시","계",3925,4162,4416,4692,5020,5297,5574,5868,6239,6519
"신장","인천광역시","남자",2218,2351,2517,2680,2877,3025,3216,3413,3638,3792
"신장","인천광역시","여자",1707,1811,1899,2012,2143,2272,2358,2455,2601,2727
"신장","광주광역시","계",1759,1863,1934,2051,2160,2253,2342,2477,2571,2636
"신장","광주광역시","남자",1014,1081,1131,1215,1290,1337,1387,1469,1535,1591
"신장","광주광역시","여자",745,782,803,836,870,916,955,1008,1036,1045
"신장","대전광역시","계",2001,2106,2184,2313,2444,2569,2691,2836,2931,3002
"신장","대전광역시","남자",1148,1216,1268,1354,1421,1524,1603,1703,1753,1806
"신장","대전광역시","여자",853,890,916,959,1023,1045,1088,1133,1178,1196
"신장","울산광역시","계",1295,1417,1516,1607,1705,1808,1923,2065,2156,2195
"신장","울산광역시","남자",702,778,835,891,945,1016,1073,1166,1229,1250
"신장","울산광역시","여자",593,639,681,716,760,792,850,899,927,945
"신장","세종특별자치시","계",123,163,215,257,285,342,394,414,449,503
"신장","세종특별자치시","남자",74,95,124,150,163,206,243,253,270,301
"신장","세종특별자치시","여자",49,68,91,107,122,136,151,161,179,202
"신장","경기도","계",15161,16138,17285,18478,19807,21070,22311,23587,24904,25885
"신장","경기도","남자",8556,9174,9887,10567,11370,12148,12924,13751,14610,15302
"신장","경기도","여자",6605,6964,7398,7911,8437,8922,9387,9836,10294,10583
"신장","강원도","계",2138,2252,2322,2456,2577,2692,2840,3059,3240,3384
"신장","강원도","남자",1197,1277,1318,1404,1473,1548,1638,1783,1893,1974
"신장","강원도","여자",941,975,1004,1052,1104,1144,1202,1276,1347,1410
"신장","충청북도","계",2048,2190,2336,2509,2642,2776,2921,3083,3246,3396
"신장","충청북도","남자",1162,1261,1341,1421,1508,1577,1685,1783,1885,1984
"신장","충청북도","여자",886,929,995,1088,1134,1199,1236,1300,1361,1412
"신장","충청남도","계",2497,2670,2797,2988,3150,3350,3550,3780,3962,4133
"신장","충청남도","남자",1445,1555,1627,1762,1858,2022,2131,2248,2345,2446
"신장","충청남도","여자",1052,1115,1170,1226,1292,1328,1419,1532,1617,1687
"신장","전라북도","계",2135,2289,2434,2568,2733,2934,3101,3319,3486,3661
"신장","전라북도","남자",1332,1431,1523,1620,1735,1857,1956,2080,2171,2275
"신장","전라북도","여자",803,858,911,948,998,1077,1145,1239,1315,1386
"신장","전라남도","계",2531,2662,2787,2940,3121,3237,3421,3593,3849,4012
"신장","전라남도","남자",1507,1612,1681,1786,1903,1984,2090,2208,2392,2497
"신장","전라남도","여자",1024,1050,1106,1154,1218,1253,1331,1385,1457,1515
"신장","경상북도","계",3347,3597,3815,4061,4346,4578,4871,5075,5388,5623
"신장","경상북도","남자",1948,2095,2235,2391,2583,2729,2919,3056,3273,3427
"신장","경상북도","여자",1399,1502,1580,1670,1763,1849,1952,2019,2115,2196
"신장","경상남도","계",4145,4450,4759,5009,5418,5719,6024,6415,6790,7011
"신장","경상남도","남자",2399,2598,2779,2959,3196,3370,3562,3758,3972,4114
"신장","경상남도","여자",1746,1852,1980,2050,2222,2349,2462,2657,2818,2897
"신장","제주특별자치도","계",963,1036,1115,1189,1255,1300,1390,1488,1560,1600
"신장","제주특별자치도","남자",586,631,683,718,771,795,855,922,968,1013
"신장","제주특별자치도","여자",377,405,432,471,484,505,535,566,592,587
"심장","전국","계",6928,6401,5833,5507,5399,5304,5266,5233,5166,5078
"심장","전국","남자",4340,4000,3646,3450,3405,3369,3368,3377,3340,3281
"심장","전국","여자",2588,2401,2187,2057,1994,1935,1898,1856,1826,1797
"심장","서울특별시","계",1615,1491,1345,1205,1154,1076,1068,1040,1008,998
"심장","서울특별시","남자",1041,952,846,766,740,690,692,682,654,640
"심장","서울특별시","여자",574,539,499,439,414,386,376,358,354,358
"심장","부산광역시","계",656,570,517,490,495,478,469,467,455,437
"심장","부산광역시","남자",428,372,336,321,324,313,311,312,301,290
"심장","부산광역시","여자",228,198,181,169,171,165,158,155,154,147
"심장","대구광역시","계",260,256,251,242,230,237,240,242,239,229
"심장","대구광역시","남자",159,149,148,143,135,145,150,153,154,152
"심장","대구광역시","여자",101,107,103,99,95,92,90,89,85,77
"심장","인천광역시","계",275,249,224,223,224,237,243,258,262,254
"심장","인천광역시","남자",161,148,136,139,140,149,155,158,161,156
"심장","인천광역시","여자",114,101,88,84,84,88,88,100,101,98
"심장","광주광역시","계",155,148,129,130,131,138,138,142,140,136
"심장","광주광역시","남자",101,98,82,81,82,94,98,100,100,96
"심장","광주광역시","여자",54,50,47,49,49,44,40,42,40,40
"심장","대전광역시","계",169,150,141,141,143,132,125,119,111,118
"심장","대전광역시","남자",102,89,86,83,83,84,80,72,67,76
"심장","대전광역시","여자",67,61,55,58,60,48,45,47,44,42
"심장","울산광역시","계",226,214,193,176,179,178,172,168,174,170
"심장","울산광역시","남자",143,136,122,112,109,108,101,98,105,105
"심장","울산광역시","여자",83,78,71,64,70,70,71,70,69,65
"심장","세종특별자치시","계",14,18,18,23,23,20,20,21,23,27
"심장","세종특별자치시","남자",11,14,14,15,17,16,14,14,16,19
"심장","세종특별자치시","여자",3,4,4,8,6,4,6,7,7,8
"심장","경기도","계",1561,1479,1352,1293,1292,1302,1303,1312,1295,1270
"심장","경기도","남자",990,943,862,825,839,834,833,842,847,837
"심장","경기도","여자",571,536,490,468,453,468,470,470,448,433
"심장","강원도","계",229,179,142,140,139,131,131,130,121,127
"심장","강원도","남자",140,108,90,88,88,83,85,88,81,83
"심장","강원도","여자",89,71,52,52,51,48,46,42,40,44
"심장","충청북도","계",207,187,168,153,148,150,140,151,143,140
"심장","충청북도","남자",137,125,113,100,97,98,90,103,91,90
"심장","충청북도","여자",70,62,55,53,51,52,50,48,52,50
"심장","충청남도","계",263,235,223,223,217,210,214,206,202,198
"심장","충청남도","남자",138,123,121,120,117,114,122,125,120,116
"심장","충청남도","여자",125,112,102,103,100,96,92,81,82,82
"심장","전라북도","계",220,211,181,176,164,161,158,154,155,159
"심장","전라북도","남자",132,126,108,105,99,103,103,99,102,105
"심장","전라북도","여자",88,85,73,71,65,58,55,55,53,54
"심장","전라남도","계",271,248,222,215,202,188,185,179,184,173
"심장","전라남도","남자",169,155,140,135,126,118,116,114,120,110
"심장","전라남도","여자",102,93,82,80,76,70,69,65,64,63
"심장","경상북도","계",411,389,371,339,328,330,317,306,311,296
"심장","경상북도","남자",242,232,225,208,203,212,204,201,202,188
"심장","경상북도","여자",169,157,146,131,125,118,113,105,109,108
"심장","경상남도","계",305,285,266,252,253,259,263,262,268,276
"심장","경상남도","남자",183,166,156,153,155,156,158,161,164,167
"심장","경상남도","여자",122,119,110,99,98,103,105,101,104,109
"심장","제주특별자치도","계",91,92,90,86,77,77,80,76,75,70
"심장","제주특별자치도","남자",63,64,61,56,51,52,56,55,55,51
"심장","제주특별자치도","여자",28,28,29,30,26,25,24,21,20,19
"호흡기","전국","계",13150,12445,12033,11831,11807,11761,11522,11544,11541,11451
"호흡기","전국","남자",9933,9392,8990,8822,8819,8762,8542,8527,8503,8433
"호흡기","전국","여자",3217,3053,3043,3009,2988,2999,2980,3017,3038,3018
"호흡기","서울특별시","계",2336,2211,2156,2157,2130,2130,2127,2125,2143,2156
"호흡기","서울특별시","남자",1727,1629,1575,1595,1585,1571,1564,1562,1578,1585
"호흡기","서울특별시","여자",609,582,581,562,545,559,563,563,565,571
"호흡기","부산광역시","계",1059,1038,993,983,998,992,993,994,989,979
"호흡기","부산광역시","남자",785,776,739,731,751,746,734,726,720,714
"호흡기","부산광역시","여자",274,262,254,252,247,246,259,268,269,265
"호흡기","대구광역시","계",494,466,449,437,450,442,421,420,413,407
"호흡기","대구광역시","남자",389,365,350,342,345,339,330,329,320,320
"호흡기","대구광역시","여자",105,101,99,95,105,103,91,91,93,87
"호흡기","인천광역시","계",709,665,655,637,633,651,643,627,632,615
"호흡기","인천광역시","남자",503,477,463,454,447,467,459,447,449,443
"호흡기","인천광역시","여자",206,188,192,183,186,184,184,180,183,172
"호흡기","광주광역시","계",340,336,310,310,306,307,289,296,293,285
"호흡기","광주광역시","남자",254,256,231,232,226,223,206,210,207,202
"호흡기","광주광역시","여자",86,80,79,78,80,84,83,86,86,83
"호흡기","대전광역시","계",379,358,333,316,319,296,300,293,284,275
"호흡기","대전광역시","남자",284,271,250,236,243,222,217,217,215,207
"호흡기","대전광역시","여자",95,87,83,80,76,74,83,76,69,68
"호흡기","울산광역시","계",226,212,212,225,257,259,258,265,255,266
"호흡기","울산광역시","남자",162,157,155,164,190,193,189,196,184,198
"호흡기","울산광역시","여자",64,55,57,61,67,66,69,69,71,68
"호흡기","세종특별자치시","계",48,47,48,49,49,49,48,53,56,50
"호흡기","세종특별자치시","남자",34,32,33,33,33,33,33,38,41,36
"호흡기","세종특별자치시","여자",14,15,15,16,16,16,15,15,15,14
"호흡기","경기도","계",2584,2454,2423,2403,2447,2506,2426,2482,2540,2546
"호흡기","경기도","남자",1875,1786,1739,1715,1764,1802,1742,1774,1829,1817
"호흡기","경기도","여자",709,668,684,688,683,704,684,708,711,729
"호흡기","강원도","계",708,690,646,618,583,560,544,537,513,486
"호흡기","강원도","남자",579,569,529,503,472,456,443,434,410,381
"호흡기","강원도","여자",129,121,117,115,111,104,101,103,103,105
"호흡기","충청북도","계",434,379,366,366,377,364,347,341,343,356
"호흡기","충청북도","남자",337,293,282,279,287,269,253,239,238,251
"호흡기","충청북도","여자",97,86,84,87,90,95,94,102,105,105
"호흡기","충청남도","계",758,689,653,603,584,577,571,562,547,543
"호흡기","충청남도","남자",618,556,520,483,468,461,449,443,431,431
"호흡기","충청남도","여자",140,133,133,120,116,116,122,119,116,112
"호흡기","전라북도","계",435,389,372,363,375,361,355,358,354,348
"호흡기","전라북도","남자",337,301,284,276,281,277,275,275,270,265
"호흡기","전라북도","여자",98,88,88,87,94,84,80,83,84,83
"호흡기","전라남도","계",768,733,689,646,606,577,538,511,506,480
"호흡기","전라남도","남자",617,584,552,505,476,453,421,403,397,369
"호흡기","전라남도","여자",151,149,137,141,130,124,117,108,109,111
"호흡기","경상북도","계",773,717,682,664,660,664,644,658,648,634
"호흡기","경상북도","남자",628,571,539,531,522,520,500,506,489,480
"호흡기","경상북도","여자",145,146,143,133,138,144,144,152,159,154
"호흡기","경상남도","계",827,807,793,806,787,774,776,773,784,794
"호흡기","경상남도","남자",598,578,561,566,554,549,548,536,545,567
"호흡기","경상남도","여자",229,229,232,240,233,225,228,237,239,227
"호흡기","제주특별자치도","계",272,254,253,248,246,252,242,249,241,231
"호흡기","제주특별자치도","남자",206,191,188,177,175,181,179,192,180,167
"호흡기","제주특별자치도","여자",66,63,65,71,71,71,63,57,61,64
"간","전국","계",9194,9668,10324,11042,11843,12524,13154,13808,14433,15066
"간","전국","남자",6717,7000,7445,7938,8494,8925,9309,9720,10119,10507
"간","전국","여자",2477,2668,2879,3104,3349,3599,3845,4088,4314,4559
"간","서울특별시","계",2021,2099,2192,2236,2323,2417,2515,2597,2663,2715
"간","서울특별시","남자",1450,1499,1563,1580,1632,1685,1740,1794,1835,1858
"간","서울특별시","여자",571,600,629,656,691,732,775,803,828,857
"간","부산광역시","계",506,552,602,662,713,752,788,838,876,919
"간","부산광역시","남자",373,394,432,466,507,535,562,589,614,637
"간","부산광역시","여자",133,158,170,196,206,217,226,249,262,282
"간","대구광역시","계",405,421,472,531,593,627,649,678,707,734
"간","대구광역시","남자",289,301,335,376,423,444,452,470,490,501
"간","대구광역시","여자",116,120,137,155,170,183,197,208,217,233
"간","인천광역시","계",463,491,524,576,595,624,649,691,728,761
"간","인천광역시","남자",321,342,366,409,422,418,439,467,492,509
"간","인천광역시","여자",142,149,158,167,173,206,210,224,236,252
"간","광주광역시","계",259,274,296,303,341,354,363,376,386,396
"간","광주광역시","남자",185,199,218,220,244,254,258,270,275,284
"간","광주광역시","여자",74,75,78,83,97,100,105,106,111,112
"간","대전광역시","계",255,262,270,271,283,304,327,344,358,379
"간","대전광역시","남자",187,189,190,188,200,215,226,236,240,253
"간","대전광역시","여자",68,73,80,83,83,89,101,108,118,126
"간","울산광역시","계",204,227,249,274,301,318,339,347,356,375
"간","울산광역시","남자",150,169,186,205,217,228,242,248,254,263
"간","울산광역시","여자",54,58,63,69,84,90,97,99,102,112
"간","세종특별자치시","계",22,27,34,39,47,59,60,69,69,81
"간","세종특별자치시","남자",14,18,22,27,28,37,38,44,46,53
"간","세종특별자치시","여자",8,9,12,12,19,22,22,25,23,28
"간","경기도","계",2319,2430,2601,2796,2986,3153,3311,3504,3692,3863
"간","경기도","남자",1699,1765,1867,1995,2124,2239,2323,2449,2565,2675
"간","경기도","여자",620,665,734,801,862,914,988,1055,1127,1188
"간","강원도","계",301,309,330,348,383,413,430,475,500,539
"간","강원도","남자",221,215,227,236,264,285,299,325,347,375
"간","강원도","여자",80,94,103,112,119,128,131,150,153,164
"간","충청북도","계",283,297,315,348,377,401,427,445,468,494
"간","충청북도","남자",206,216,232,257,284,296,316,320,338,351
"간","충청북도","여자",77,81,83,91,93,105,111,125,130,143
"간","충청남도","계",362,377,387,410,438,467,496,519,551,578
"간","충청남도","남자",270,276,282,297,315,330,350,365,387,405
"간","충청남도","여자",92,101,105,113,123,137,146,154,164,173
"간","전라북도","계",297,320,343,377,408,423,442,466,488,509
"간","전라북도","남자",224,238,261,287,308,310,329,345,357,363
"간","전라북도","여자",73,82,82,90,100,113,113,121,131,146
"간","전라남도","계",379,382,409,447,500,519,542,569,600,635
"간","전라남도","남자",292,293,313,346,387,404,416,434,452,478
"간","전라남도","여자",87,89,96,101,113,115,126,135,148,157
"간","경상북도","계",521,559,617,680,737,808,863,879,924,959
"간","경상북도","남자",394,420,462,506,545,596,626,639,662,685
"간","경상북도","여자",127,139,155,174,192,212,237,240,262,274
"간","경상남도","계",487,523,560,601,657,710,774,819,866,916
"간","경상남도","남자",363,387,405,439,477,522,561,586,619,660
"간","경상남도","여자",124,136,155,162,180,188,213,233,247,256
"간","제주특별자치도","계",110,118,123,143,161,175,179,192,201,213
"간","제주특별자치도","남자",79,79,84,104,117,127,132,139,146,157
"간","제주특별자치도","여자",31,39,39,39,44,48,47,53,55,56
"안면","전국","계",2696,2689,2685,2680,2692,2689,2673,2677,2712,2725
"안면","전국","남자",1567,1557,1555,1549,1557,1561,1559,1550,1582,1596
"안면","전국","여자",1129,1132,1130,1131,1135,1128,1114,1127,1130,1129
"안면","서울특별시","계",426,431,422,408,398,387,385,378,381,385
"안면","서울특별시","남자",237,238,230,224,218,215,212,205,210,211
"안면","서울특별시","여자",189,193,192,184,180,172,173,173,171,174
"안면","부산광역시","계",248,245,241,237,231,235,233,230,228,228
"안면","부산광역시","남자",148,147,145,141,138,142,140,136,139,140
"안면","부산광역시","여자",100,98,96,96,93,93,93,94,89,88
"안면","대구광역시","계",144,144,136,140,142,141,137,134,143,141
"안면","대구광역시","남자",86,85,80,80,83,81,79,78,85,82
"안면","대구광역시","여자",58,59,56,60,59,60,58,56,58,59
"안면","인천광역시","계",144,136,132,137,141,141,142,146,144,144
"안면","인천광역시","남자",82,75,73,77,82,80,79,80,81,84
"안면","인천광역시","여자",62,61,59,60,59,61,63,66,63,60
"안면","광주광역시","계",59,60,63,64,63,61,65,63,63,63
"안면","광주광역시","남자",34,34,37,37,36,36,38,36,37,36
"안면","광주광역시","여자",25,26,26,27,27,25,27,27,26,27
"안면","대전광역시","계",77,80,83,78,80,77,75,72,75,81
"안면","대전광역시","남자",55,57,58,56,55,52,53,50,53,58
"안면","대전광역시","여자",22,23,25,22,25,25,22,22,22,23
"안면","울산광역시","계",68,70,73,73,71,72,70,70,71,72
"안면","울산광역시","남자",47,48,49,48,48,49,47,47,47,48
"안면","울산광역시","여자",21,22,24,25,23,23,23,23,24,24
"안면","세종특별자치시","계",7,7,9,10,14,14,13,12,13,13
"안면","세종특별자치시","남자",5,4,6,7,8,8,8,7,8,8
"안면","세종특별자치시","여자",2,3,3,3,6,6,5,5,5,5
"안면","경기도","계",576,576,581,598,615,626,616,629,633,633
"안면","경기도","남자",334,339,346,352,362,367,369,375,375,377
"안면","경기도","여자",242,237,235,246,253,259,247,254,258,256
"안면","강원도","계",86,86,86,89,89,98,99,97,101,106
"안면","강원도","남자",47,48,48,49,50,56,56,55,56,61
"안면","강원도","여자",39,38,38,40,39,42,43,42,45,45
"안면","충청북도","계",89,86,86,90,87,86,87,87,92,94
"안면","충청북도","남자",55,53,51,54,52,52,53,53,57,59
"안면","충청북도","여자",34,33,35,36,35,34,34,34,35,35
"안면","충청남도","계",116,119,121,119,126,123,126,130,131,130
"안면","충청남도","남자",71,69,72,72,74,72,75,79,80,79
"안면","충청남도","여자",45,50,49,47,52,51,51,51,51,51
"안면","전라북도","계",115,117,118,114,114,115,111,115,122,124
"안면","전라북도","남자",49,47,47,46,46,46,45,47,52,52
"안면","전라북도","여자",66,70,71,68,68,69,66,68,70,72
"안면","전라남도","계",94,93,98,92,90,86,86,90,89,88
"안면","전라남도","남자",54,53,55,51,51,50,50,53,52,51
"안면","전라남도","여자",40,40,43,41,39,36,36,37,37,37
"안면","경상북도","계",203,201,199,198,200,193,195,198,197,194
"안면","경상북도","남자",112,111,110,110,113,109,109,111,111,111
"안면","경상북도","여자",91,90,89,88,87,84,86,87,86,83
"안면","경상남도","계",220,214,214,210,208,208,207,201,201,201
"안면","경상남도","남자",134,132,132,129,125,128,128,120,121,121
"안면","경상남도","여자",86,82,82,81,83,80,79,81,80,80
"안면","제주특별자치도","계",24,24,23,23,23,26,26,25,28,28
"안면","제주특별자치도","남자",17,17,16,16,16,18,18,18,18,18
"안면","제주특별자치도","여자",7,7,7,7,7,8,8,7,10,10
"장루ㆍ요루","전국","계",13546,13867,14116,14404,14718,15027,15290,15427,16012,16779
"장루ㆍ요루","전국","남자",8349,8513,8683,8876,9098,9291,9445,9475,9856,10436
"장루ㆍ요루","전국","여자",5197,5354,5433,5528,5620,5736,5845,5952,6156,6343
"장루ㆍ요루","서울특별시","계",2748,2783,2789,2760,2794,2799,2855,2901,2959,3087
"장루ㆍ요루","서울특별시","남자",1716,1731,1735,1724,1752,1747,1784,1796,1830,1914
"장루ㆍ요루","서울특별시","여자",1032,1052,1054,1036,1042,1052,1071,1105,1129,1173
"장루ㆍ요루","부산광역시","계",919,949,995,1013,1020,1049,1073,1091,1134,1158
"장루ㆍ요루","부산광역시","남자",577,596,627,647,648,675,686,677,698,720
"장루ㆍ요루","부산광역시","여자",342,353,368,366,372,374,387,414,436,438
"장루ㆍ요루","대구광역시","계",590,591,586,597,620,640,639,619,625,645
"장루ㆍ요루","대구광역시","남자",345,345,340,340,363,377,386,366,364,379
"장루ㆍ요루","대구광역시","여자",245,246,246,257,257,263,253,253,261,266
"장루ㆍ요루","인천광역시","계",716,727,732,769,799,825,846,840,881,975
"장루ㆍ요루","인천광역시","남자",434,447,447,471,492,498,512,514,546,613
"장루ㆍ요루","인천광역시","여자",282,280,285,298,307,327,334,326,335,362
"장루ㆍ요루","광주광역시","계",309,320,341,359,370,367,373,366,386,421
"장루ㆍ요루","광주광역시","남자",193,198,213,229,233,229,226,222,228,253
"장루ㆍ요루","광주광역시","여자",116,122,128,130,137,138,147,144,158,168
"장루ㆍ요루","대전광역시","계",374,373,379,385,395,393,396,386,407,431
"장루ㆍ요루","대전광역시","남자",237,237,240,245,251,252,257,251,267,284
"장루ㆍ요루","대전광역시","여자",137,136,139,140,144,141,139,135,140,147
"장루ㆍ요루","울산광역시","계",197,203,201,209,216,213,218,219,225,262
"장루ㆍ요루","울산광역시","남자",110,117,114,117,119,125,130,134,138,165
"장루ㆍ요루","울산광역시","여자",87,86,87,92,97,88,88,85,87,97
"장루ㆍ요루","세종특별자치시","계",43,46,50,58,67,70,72,69,80,81
"장루ㆍ요루","세종특별자치시","남자",23,24,29,38,44,44,45,42,49,49
"장루ㆍ요루","세종특별자치시","여자",20,22,21,20,23,26,27,27,31,32
"장루ㆍ요루","경기도","계",2863,2948,3078,3191,3306,3389,3480,3538,3742,3940
"장루ㆍ요루","경기도","남자",1790,1815,1903,1967,2059,2124,2186,2215,2341,2490
"장루ㆍ요루","경기도","여자",1073,1133,1175,1224,1247,1265,1294,1323,1401,1450
"장루ㆍ요루","강원도","계",564,587,584,594,628,639,655,670,669,694
"장루ㆍ요루","강원도","남자",360,372,373,379,397,402,407,410,407,430
"장루ㆍ요루","강원도","여자",204,215,211,215,231,237,248,260,262,264
"장루ㆍ요루","충청북도","계",567,570,573,580,574,591,601,605,620,627
"장루ㆍ요루","충청북도","남자",359,367,363,364,363,367,369,364,381,390
"장루ㆍ요루","충청북도","여자",208,203,210,216,211,224,232,241,239,237
"장루ㆍ요루","충청남도","계",699,727,737,750,750,772,767,769,781,823
"장루ㆍ요루","충청남도","남자",424,438,449,459,461,469,463,456,467,498
"장루ㆍ요루","충청남도","여자",275,289,288,291,289,303,304,313,314,325
"장루ㆍ요루","전라북도","계",557,572,559,556,579,601,597,592,644,682
"장루ㆍ요루","전라북도","남자",344,355,351,347,362,375,363,358,388,417
"장루ㆍ요루","전라북도","여자",213,217,208,209,217,226,234,234,256,265
"장루ㆍ요루","전라남도","계",582,589,591,617,623,655,654,659,695,716
"장루ㆍ요루","전라남도","남자",368,374,376,389,384,398,391,400,432,448
"장루ㆍ요루","전라남도","여자",214,215,215,228,239,257,263,259,263,268
"장루ㆍ요루","경상북도","계",811,835,831,850,843,854,859,882,898,931
"장루ㆍ요루","경상북도","남자",474,482,479,495,485,493,499,517,530,567
"장루ㆍ요루","경상북도","여자",337,353,352,355,358,361,360,365,368,364
"장루ㆍ요루","경상남도","계",842,868,909,944,955,991,1012,1021,1071,1093
"장루ㆍ요루","경상남도","남자",506,517,543,570,584,613,631,636,675,692
"장루ㆍ요루","경상남도","여자",336,351,366,374,371,378,381,385,396,401
"장루ㆍ요루","제주특별자치도","계",165,179,181,172,179,179,193,200,195,213
"장루ㆍ요루","제주특별자치도","남자",89,98,101,95,101,103,110,117,115,127
"장루ㆍ요루","제주특별자치도","여자",76,81,80,77,78,76,83,83,80,86
"뇌전증","전국","계",7271,7084,7069,6956,6935,7021,7054,7093,7077,7076
"뇌전증","전국","남자",3990,3876,3858,3775,3763,3817,3855,3857,3866,3848
"뇌전증","전국","여자",3281,3208,3211,3181,3172,3204,3199,3236,3211,3228
"뇌전증","서울특별시","계",1346,1303,1286,1264,1240,1242,1244,1251,1248,1234
"뇌전증","서울특별시","남자",764,730,697,683,679,679,687,685,687,677
"뇌전증","서울특별시","여자",582,573,589,581,561,563,557,566,561,557
"뇌전증","부산광역시","계",536,529,539,541,535,533,535,548,552,556
"뇌전증","부산광역시","남자",309,300,299,309,305,308,310,312,316,315
"뇌전증","부산광역시","여자",227,229,240,232,230,225,225,236,236,241
"뇌전증","대구광역시","계",297,288,282,296,302,319,336,339,336,329
"뇌전증","대구광역시","남자",170,168,163,168,169,174,184,182,187,182
"뇌전증","대구광역시","여자",127,120,119,128,133,145,152,157,149,147
"뇌전증","인천광역시","계",412,400,383,373,379,395,403,402,408,403
"뇌전증","인천광역시","남자",223,215,211,203,207,214,217,210,212,204
"뇌전증","인천광역시","여자",189,185,172,170,172,181,186,192,196,199
"뇌전증","광주광역시","계",266,267,263,262,268,275,267,272,274,268
"뇌전증","광주광역시","남자",140,143,141,136,142,143,136,140,140,134
"뇌전증","광주광역시","여자",126,124,122,126,126,132,131,132,134,134
"뇌전증","대전광역시","계",252,250,259,242,245,262,259,251,255,257
"뇌전증","대전광역시","남자",139,138,143,140,141,144,147,140,143,141
"뇌전증","대전광역시","여자",113,112,116,102,104,118,112,111,112,116
"뇌전증","울산광역시","계",111,107,109,102,103,103,104,106,113,120
"뇌전증","울산광역시","남자",51,49,53,47,48,50,54,56,61,65
"뇌전증","울산광역시","여자",60,58,56,55,55,53,50,50,52,55
"뇌전증","세종특별자치시","계",25,26,29,27,27,27,27,31,26,24
"뇌전증","세종특별자치시","남자",13,12,16,15,15,14,13,15,15,16
"뇌전증","세종특별자치시","여자",12,14,13,12,12,13,14,16,11,8
"뇌전증","경기도","계",1416,1380,1401,1356,1399,1410,1420,1416,1414,1421
"뇌전증","경기도","남자",762,740,766,717,741,746,751,757,753,757
"뇌전증","경기도","여자",654,640,635,639,658,664,669,659,661,664
"뇌전증","강원도","계",271,255,258,257,238,242,231,234,222,228
"뇌전증","강원도","남자",161,157,156,151,135,138,133,134,129,132
"뇌전증","강원도","여자",110,98,102,106,103,104,98,100,93,96
"뇌전증","충청북도","계",246,245,245,257,251,246,243,240,243,246
"뇌전증","충청북도","남자",123,125,122,130,128,124,120,117,122,130
"뇌전증","충청북도","여자",123,120,123,127,123,122,123,123,121,116
"뇌전증","충청남도","계",308,296,288,276,268,277,277,292,279,277
"뇌전증","충청남도","남자",173,165,160,160,152,158,161,171,161,158
"뇌전증","충청남도","여자",135,131,128,116,116,119,116,121,118,119
"뇌전증","전라북도","계",471,467,453,446,432,429,430,424,426,417
"뇌전증","전라북도","남자",243,237,232,226,214,216,219,219,222,216
"뇌전증","전라북도","여자",228,230,221,220,218,213,211,205,204,201
"뇌전증","전라남도","계",413,412,409,394,389,392,391,391,378,374
"뇌전증","전라남도","남자",221,221,224,216,218,228,230,224,219,215
"뇌전증","전라남도","여자",192,191,185,178,171,164,161,167,159,159
"뇌전증","경상북도","계",345,330,342,352,350,356,363,372,364,366
"뇌전증","경상북도","남자",198,196,201,209,203,206,209,215,210,209
"뇌전증","경상북도","여자",147,134,141,143,147,150,154,157,154,157
"뇌전증","경상남도","계",406,387,386,378,385,396,400,401,416,440
"뇌전증","경상남도","남자",234,218,213,203,211,222,226,224,232,247
"뇌전증","경상남도","여자",172,169,173,175,174,174,174,177,184,193
"뇌전증","제주특별자치도","계",150,142,137,133,124,117,124,123,123,116
"뇌전증","제주특별자치도","남자",66,62,61,62,55,53,58,56,57,50
"뇌전증","제주특별자치도","여자",84,80,76,71,69,64,66,67,66,66
